mode,img_name,dice,iou,pre,rec,hd95,cbl
zoom_out,IMG0000144.png,0.817544,0.691395,0.701807,0.978992,7.615773,0.939456
zoom_out,IMG0000151.png,0.895442,0.810680,0.826733,0.976608,3.605551,0.979422
zoom_out,IMG0000453.png,0.912450,0.838996,0.909864,0.915051,4.894427,0.966337
zoom_out,IMG0000454.png,0.806832,0.676211,0.789577,0.824859,10.072100,0.958350
zoom_out,IMG0001123.png,0.864748,0.761724,0.767234,0.990659,7.071068,0.969825
zoom_out,IMG0001360.png,0.893443,0.807407,0.818989,0.982787,5.000000,0.971184
zoom_out,IMG0001980.png,0.884842,0.793468,0.812992,0.970623,6.708204,0.964970
zoom_out,IMG0002021.png,0.860778,0.755585,0.757576,0.996534,4.357388,0.965126
zoom_out,IMG0002180.png,0.841565,0.726466,0.796112,0.892521,11.180340,0.971448
zoom_out,IMG0002300.png,0.750449,0.600575,0.602740,0.994055,8.062258,0.979856
zoom_out,IMG0002305.png,0.713031,0.554039,0.556164,0.993151,13.520155,0.933267
zoom_out,IMG0002309.png,0.792927,0.656901,0.679919,0.950990,13.764929,0.922346
zoom_out,IMG0002320.png,0.817031,0.690661,0.758007,0.886023,9.848858,0.908603
zoom_out,IMG0002333.png,0.840704,0.725185,0.749153,0.957747,10.770330,0.915736
zoom_out,IMG0002345.png,0.771477,0.627972,0.708013,0.847440,9.916872,0.923581
zoom_out,IMG0002357.png,0.638021,0.468451,0.484190,0.935115,7.615773,0.952997
zoom_out,IMG0002363.png,0.891455,0.804167,0.815206,0.983440,3.137936,0.971530
zoom_out,IMG0002376.png,0.793269,0.657371,0.668016,0.976331,4.000000,0.912620
zoom_out,IMG0002381.png,0.691830,0.528853,0.543994,0.950000,11.036836,0.966280
zoom_out,IMG0002384.png,0.721955,0.564891,0.573325,0.974619,14.016051,0.956815
zoom_out,IMG0002402.png,0.677207,0.511952,0.514206,0.991512,12.041595,0.946303
zoom_out,IMG0002416.png,0.832765,0.713450,0.713450,1.000000,4.123106,0.944931
zoom_out,IMG0002426.png,0.817010,0.690632,0.709172,0.963526,4.000000,0.915928
zoom_out,IMG0002437.png,0.781518,0.641387,0.646288,0.988314,8.375393,0.939099
zoom_out,IMG0002451.png,0.656045,0.488145,0.492264,0.983146,8.593577,0.934311
zoom_out,IMG0002456.png,0.828358,0.707006,0.733480,0.951429,4.123106,0.921799
zoom_out,IMG0002460.png,0.853865,0.744995,0.748148,0.994374,5.000000,0.992381
zoom_out,IMG0002470.png,0.787340,0.649267,0.656482,0.983356,7.810250,0.965091
zoom_out,IMG0002475.png,0.739590,0.586785,0.640660,0.874653,13.036485,0.981579
zoom_out,IMG0002484.png,0.857761,0.750947,0.766925,0.973006,5.000000,0.961864
zoom_out,IMG0002494.png,0.660567,0.493169,0.495879,0.989041,7.211103,0.955547
zoom_out,IMG0002500.png,0.812968,0.684874,0.708696,0.953216,5.000000,0.911519
zoom_out,IMG0002501.png,0.804008,0.672251,0.680806,0.981651,6.647188,0.965991
zoom_out,IMG0002502.png,0.778610,0.637478,0.641975,0.989130,5.000000,0.952598
zoom_out,IMG0002508.png,0.747791,0.597178,0.606515,0.974869,5.830952,0.927824
zoom_out,IMG0002515.png,0.664727,0.497821,0.507214,0.964135,16.086673,0.958446
zoom_out,IMG0002517.png,0.819517,0.694221,0.707856,0.973003,7.280110,0.987561
zoom_out,IMG0002518.png,0.534503,0.364724,0.368753,0.970914,13.416408,0.969969
zoom_out,IMG0002519.png,0.708687,0.548811,0.576594,0.919287,11.324809,0.988405
zoom_out,IMG0002522.png,0.765818,0.620507,0.759963,0.771765,11.180340,0.998234
zoom_out,IMG0002523.png,0.657399,0.489646,0.499489,0.961311,14.238366,0.994349
zoom_out,IMG0002533.png,0.776682,0.634897,0.646269,0.973034,5.830952,0.959644
zoom_out,IMG0002568.png,0.818546,0.692829,0.705824,0.974114,4.367427,0.978163
zoom_out,IMG0002577.png,0.776162,0.634203,0.642396,0.980287,7.000000,0.999405
zoom_out,IMG0002579.png,0.849785,0.738806,0.747875,0.983851,8.261101,0.925498
zoom_out,IMG0002582.png,0.819672,0.694444,0.704225,0.980392,6.403124,0.947885
zoom_out,IMG0002584.png,0.705263,0.544715,0.549180,0.985294,6.359911,0.953185
zoom_out,IMG0002594.png,0.671698,0.505682,0.508571,0.988889,5.813542,0.911222
zoom_out,IMG0002595.png,0.738900,0.585917,0.601402,0.957904,8.485281,0.985814
zoom_out,IMG0002745.png,0.762060,0.615587,0.620477,0.987360,5.000000,0.985356
zoom_out,IMG0002934.png,0.880383,0.786325,0.797688,0.982206,4.000000,0.980684
zoom_out,IMG0003146.png,0.791150,0.654466,0.728804,0.865161,14.142136,0.907426
zoom_out,IMG0003147.png,0.844392,0.730691,0.771459,0.932555,10.000000,0.938367
zoom_out,IMG0003157.png,0.776596,0.634783,0.634783,1.000000,5.019258,0.926074
zoom_out,IMG0003218.png,0.825308,0.702574,0.702574,1.000000,8.000000,0.951984
zoom_out,IMG0003264.png,0.792914,0.656883,0.662921,0.986322,9.848858,0.958666
zoom_out,IMG0003309.png,0.650996,0.482576,0.492653,0.959337,11.479799,0.922504
zoom_out,IMG0003395.png,0.720286,0.562849,0.574893,0.964115,5.561763,0.948689
zoom_out,IMG0003458.png,0.610457,0.439322,0.521319,0.736364,24.392596,0.924868
zoom_out,IMG0003586.png,0.706179,0.545809,0.549020,0.989399,10.793297,0.973312
zoom_out,IMG0003703.png,0.730919,0.575943,0.584281,0.975820,9.219544,0.986967
zoom_out,IMG0003713.png,0.790068,0.652985,0.673077,0.956284,3.000000,0.930631
zoom_out,IMG0003734.png,0.723127,0.566327,0.588859,0.936709,5.000000,0.920931
zoom_out,IMG0003767.png,0.763128,0.616983,0.634785,0.956522,13.000000,0.984966
zoom_out,IMG0003810.png,0.673961,0.508251,0.513333,0.980892,7.071068,0.870566
zoom_out,IMG0003942.png,0.820153,0.695135,0.698913,0.992284,5.000000,0.976820
zoom_out,IMG0003952.png,0.627986,0.457711,0.458853,0.994595,5.664762,0.944797
zoom_out,IMG0003953.png,0.887824,0.798276,0.802426,0.993562,2.236068,0.984923
zoom_out,IMG0004044.png,0.774118,0.631478,0.645098,0.967647,6.324555,0.954875
zoom_out,IMG0004114.png,0.799649,0.666179,0.688525,0.953545,14.823617,0.982220
zoom_out,IMG0004233.png,0.671958,0.505976,0.734104,0.619512,5.057775,0.831743
zoom_out,IMG0004376.png,0.870264,0.770325,0.797895,0.957071,3.000000,0.949955
shift,IMG0000144.png,0.756471,0.608325,0.652130,0.900560,10.206941,0.876158
shift,IMG0000151.png,0.875464,0.778511,0.800388,0.966082,5.656854,0.924945
shift,IMG0000453.png,0.864666,0.761596,0.858830,0.870582,6.000000,0.943722
shift,IMG0000454.png,0.771869,0.628491,0.747713,0.797637,13.341664,0.923699
shift,IMG0001123.png,0.799903,0.666533,0.713302,0.910440,10.039900,0.932927
shift,IMG0001360.png,0.840859,0.725415,0.766532,0.931148,8.062258,0.913191
shift,IMG0001980.png,0.792332,0.656085,0.724440,0.874266,7.615773,0.903905
shift,IMG0002021.png,0.785033,0.646135,0.680662,0.927210,7.071068,0.890949
shift,IMG0002180.png,0.827346,0.705534,0.777439,0.884101,19.362157,0.941207
shift,IMG0002300.png,0.720688,0.563340,0.581871,0.946492,8.944272,0.967975
shift,IMG0002305.png,0.699374,0.537721,0.542657,0.983366,14.317438,0.931316
shift,IMG0002309.png,0.783222,0.643686,0.670470,0.941565,10.605318,0.986967
shift,IMG0002320.png,0.880246,0.786107,0.819355,0.950915,6.203659,0.985765
shift,IMG0002333.png,0.737892,0.584650,0.656805,0.841820,13.592217,0.856972
shift,IMG0002345.png,0.747304,0.596556,0.681180,0.827645,9.463050,0.919094
shift,IMG0002357.png,0.592790,0.421252,0.455852,0.847328,7.703288,0.880343
shift,IMG0002363.png,0.795153,0.659962,0.726793,0.877707,6.000000,0.899204
shift,IMG0002376.png,0.735084,0.581132,0.616000,0.911243,5.608058,0.834480
shift,IMG0002381.png,0.642063,0.472823,0.505248,0.880488,10.580450,0.972696
shift,IMG0002384.png,0.670300,0.504098,0.533356,0.901861,11.000000,0.963835
shift,IMG0002402.png,0.621313,0.450655,0.473855,0.902006,11.180340,0.942635
shift,IMG0002416.png,0.771870,0.628492,0.663717,0.922131,6.299875,0.868548
shift,IMG0002426.png,0.748031,0.597484,0.658199,0.866261,5.697216,0.852026
shift,IMG0002437.png,0.780978,0.640659,0.652125,0.973289,9.848858,0.868740
shift,IMG0002451.png,0.616962,0.446092,0.461646,0.929775,11.313708,0.856005
shift,IMG0002456.png,0.800490,0.667347,0.700214,0.934286,4.123106,0.906891
shift,IMG0002460.png,0.791315,0.654691,0.692714,0.922644,9.164490,0.901277
shift,IMG0002470.png,0.705689,0.545224,0.582656,0.894591,9.219544,0.879702
shift,IMG0002475.png,0.736924,0.583436,0.636834,0.874344,15.264338,0.947055
shift,IMG0002484.png,0.805631,0.674524,0.720930,0.912883,7.464725,0.927184
shift,IMG0002494.png,0.637066,0.467422,0.491803,0.904110,8.944272,0.873248
shift,IMG0002500.png,0.760494,0.613546,0.658120,0.900585,6.053796,0.873832
shift,IMG0002501.png,0.751092,0.601399,0.634352,0.920489,6.980352,0.908999
shift,IMG0002502.png,0.750000,0.600000,0.625000,0.937500,5.024755,0.897615
shift,IMG0002508.png,0.723871,0.567240,0.591755,0.931937,7.127082,0.929980
shift,IMG0002515.png,0.643856,0.474769,0.494350,0.922996,16.888236,0.927697
shift,IMG0002517.png,0.801519,0.668780,0.693509,0.949381,11.009017,0.925509
shift,IMG0002518.png,0.519570,0.350959,0.359342,0.937673,14.221194,0.959237
shift,IMG0002519.png,0.652511,0.484242,0.534448,0.837526,16.132260,0.910360
shift,IMG0002522.png,0.726398,0.570349,0.707905,0.745882,15.605656,0.910298
shift,IMG0002523.png,0.594883,0.423369,0.450168,0.876721,15.477814,0.968475
shift,IMG0002533.png,0.759058,0.611679,0.635812,0.941573,7.771354,0.909363
shift,IMG0002568.png,0.764200,0.618384,0.660059,0.907357,6.387410,0.969148
shift,IMG0002577.png,0.736544,0.582960,0.608899,0.931900,8.000000,0.990041
shift,IMG0002579.png,0.798933,0.665187,0.700000,0.930435,7.534067,0.958778
shift,IMG0002582.png,0.814286,0.686747,0.697552,0.977941,5.385165,0.963993
shift,IMG0002584.png,0.680739,0.516000,0.530864,0.948529,9.000000,0.866235
shift,IMG0002594.png,0.649706,0.481159,0.501511,0.922222,6.692950,0.840686
shift,IMG0002595.png,0.690058,0.526786,0.554859,0.912371,8.062258,0.958183
shift,IMG0002745.png,0.733734,0.579447,0.600716,0.942416,5.656854,0.987773
shift,IMG0002934.png,0.815212,0.688065,0.743164,0.902728,5.000000,0.905461
shift,IMG0003146.png,0.789443,0.652132,0.723656,0.868387,11.522933,0.934656
shift,IMG0003147.png,0.705435,0.544921,0.642021,0.782750,15.303460,0.845810
shift,IMG0003157.png,0.777975,0.636628,0.636628,1.000000,4.135059,0.964727
shift,IMG0003218.png,0.796440,0.661738,0.674835,0.971506,6.000000,0.920142
shift,IMG0003264.png,0.778598,0.637462,0.653926,0.962006,8.062258,0.959933
shift,IMG0003309.png,0.615686,0.444759,0.456395,0.945783,16.954200,0.868922
shift,IMG0003395.png,0.670852,0.504723,0.536585,0.894737,5.787427,0.964530
shift,IMG0003458.png,0.646764,0.477939,0.557890,0.769318,17.809406,0.983314
shift,IMG0003586.png,0.689449,0.526076,0.540885,0.950530,8.000000,0.985597
shift,IMG0003703.png,0.683149,0.518775,0.548017,0.906736,12.140571,0.913239
shift,IMG0003713.png,0.720000,0.562500,0.606742,0.885246,4.000000,0.865731
shift,IMG0003734.png,0.752508,0.603217,0.623269,0.949367,4.280509,0.966397
shift,IMG0003767.png,0.759847,0.612704,0.647042,0.920290,12.074741,0.966498
shift,IMG0003810.png,0.640000,0.470588,0.491468,0.917197,8.485281,0.786778
shift,IMG0003942.png,0.774069,0.631414,0.662637,0.930556,6.324555,0.900405
shift,IMG0003952.png,0.615120,0.444169,0.450882,0.967568,6.403124,0.878966
shift,IMG0003953.png,0.806026,0.675079,0.718121,0.918455,5.313628,0.891649
shift,IMG0004044.png,0.725768,0.569573,0.606719,0.902941,7.615773,0.881891
shift,IMG0004114.png,0.713093,0.554114,0.622170,0.835138,22.854870,0.900849
shift,IMG0004233.png,0.830688,0.710407,0.907514,0.765854,3.024342,0.932594
shift,IMG0004376.png,0.769942,0.625940,0.710021,0.840909,4.277065,0.864877
